method,TrainlogLoss,TrainMean_Sensitivity,TrainMean_Specificity
treebag,0.06466463632706493,0.9861067533240808,0.9990099024118414
naive_bayes,0.19032851610714535,0.9498548594224792,0.9890587431340561
svmLinear,0.820039073645692,0.39919095078578376,0.9203975687060163
rpart2,0.9049177928923122,0.6896013317852674,0.9271968331795833
