data.hclust.clusters,launch_speed,launch_angle,est_ba,est_woba,count
1,84.56638528791076,48.48085619535725,0.04327042508290624,0.04728580042206813,3317
2,99.82364016736402,15.951417945141795,0.5456372617387262,0.6716854951185495,8604
3,89.76726546906188,-17.471390552228875,0.15650365934797072,0.14535795076513638,3006
4,76.10032388663967,6.363562753036438,0.3856562753036437,0.3562651821862348,2470
5,64.04577777777777,-29.542962962962964,0.10657851851851852,0.09946740740740741,1350
6,65.54663677130044,46.26008968609865,0.25386547085201794,0.23933632286995515,446
7,36.595555555555556,28.977777777777778,0.13842222222222222,0.1254222222222222,45
