Naive_Bayes,launch_speed,launch_angle,est_ba,est_woba
Fliner,76.40099573257469,6.84352773826458,0.38812233285917497,0.35819203413940254
Hard_Air_Contact,100.27941539728283,14.958830794565666,0.5725788390284068,0.7017830382873611
Hard_Ground_Contact,90.04287234042553,-16.679787234042553,0.15992872340425532,0.14880851063829786
High_Fly,85.65676982591876,47.69052224371373,0.04267698259187621,0.051868471953578334
Soft_Air_Contact,68.33942307692308,42.70192307692308,0.32784615384615384,0.30796153846153845
Soft_Ground_Contact,64.52768878718535,-29.945080091533182,0.10463386727688788,0.0974050343249428
Very_Soft_Air_Contact,43.95,25.333333333333332,0.1885,0.1958888888888889
